System;;;;;;;;;;;;;;;;;;;;;;System Core C-States;;;;;System Pack C-States;;;;;;Socket0;;;;;;;;;;;;;;;;Socket1;;;;;;;;;;;;;;;;Socket2;;;;;;;;;;;;;;;;Socket3;;;;;;;;;;;;;;;;SKT0trafficOut;;;SKT0trafficOut (percent);;;SKT1trafficOut;;;SKT1trafficOut (percent);;;SKT2trafficOut;;;SKT2trafficOut (percent);;;SKT3trafficOut;;;SKT3trafficOut (percent);;;SKT0 Core C-State;;;;;SKT0 Package C-State;;;;SKT1 Core C-State;;;;;SKT1 Package C-State;;;;SKT2 Core C-State;;;;;SKT2 Package C-State;;;;SKT3 Core C-State;;;;;SKT3 Package C-State;;;;Proc Energy (Joules);;;;DRAM Energy (Joules);;;;
Date;Time;EXEC;IPC;FREQ;AFREQ;L3MISS;L2MISS;L3HIT;L2HIT;L3MPI;L2MPI;READ;WRITE;INST;ACYC;TIME(ticks);PhysIPC;PhysIPC%;INSTnom;INSTnom%;TotalQPIout;C0res%;C1res%;C3res%;C6res%;C7res%;C2res%;C3res%;C6res%;C7res%;Proc Energy (Joules);DRAM Energy (Joules);EXEC;IPC;FREQ;AFREQ;L3MISS;L2MISS;L3HIT;L2HIT;L3MPI;L2MPI;L3OCC;LMB;RMB;READ;WRITE;TEMP;EXEC;IPC;FREQ;AFREQ;L3MISS;L2MISS;L3HIT;L2HIT;L3MPI;L2MPI;L3OCC;LMB;RMB;READ;WRITE;TEMP;EXEC;IPC;FREQ;AFREQ;L3MISS;L2MISS;L3HIT;L2HIT;L3MPI;L2MPI;L3OCC;LMB;RMB;READ;WRITE;TEMP;EXEC;IPC;FREQ;AFREQ;L3MISS;L2MISS;L3HIT;L2HIT;L3MPI;L2MPI;L3OCC;LMB;RMB;READ;WRITE;TEMP;QPI0;QPI1;QPI2;QPI0;QPI1;QPI2;QPI0;QPI1;QPI2;QPI0;QPI1;QPI2;QPI0;QPI1;QPI2;QPI0;QPI1;QPI2;QPI0;QPI1;QPI2;QPI0;QPI1;QPI2;C0res%;C1res%;C3res%;C6res%;C7res%;C2res%;C3res%;C6res%;C7res%;C0res%;C1res%;C3res%;C6res%;C7res%;C2res%;C3res%;C6res%;C7res%;C0res%;C1res%;C3res%;C6res%;C7res%;C2res%;C3res%;C6res%;C7res%;C0res%;C1res%;C3res%;C6res%;C7res%;C2res%;C3res%;C6res%;C7res%;SKT0;SKT1;SKT2;SKT3;SKT0;SKT1;SKT2;SKT3;
2017-09-05;14:11:00.766;0.00364;0.427;0.00851;0.715;4.51;14;0.678;0.334;0.00364;0.0113;0.435;0.31;1.24e+03;2.9e+03;2.12e+03;0.855;21.4;0.00728;0.182;690;1.19;10.8;0.119;87.9;0;27.7;0;0;0;117;32.6;0.00276;0.417;0.00662;0.718;0.8;2.88;0.722;0.277;0.00341;0.0123; 38880;31;132;0.111;0.0645;51;0.00248;0.306;0.00811;0.684;1.06;3.5;0.698;0.234;0.005;0.0166; 46800;70;101;0.135;0.102;52;0.00346;0.348;0.00996;0.697;1.31;3.85;0.66;0.287;0.00444;0.0131; 45200;25;133;0.0617;0.0462;54;0.00585;0.625;0.00937;0.762;1.34;3.8;0.646;0.467;0.0027;0.00762; 40960;66;49;0.127;0.097;51;69.9;31.4;42.9;  0%;  0%;  0%;93.6;74.5;45.7;  0%;  0%;  0%;52.5;31.7;91.4;  0%;  0%;  0%;40.5;61.5;54.5;  0%;  0%;  0%;0.922;14.6;0.323;84.2;0;18.2;0;0;0;1.18;5.66;0.0564;93.1;0;44.2;0;0;0;1.43;6.44;0.0662;92.1;0;48.3;0;0;0;1.23;16.6;0.0295;82.1;0;0;0;0;0;30.2;28;29.2;29.9;8.07 ;8.38 ;8.28 ;7.81 ;
2017-09-05;14:11:01.779;0.13;0.389;0.335;0.761;8.01;31.6;0.747;0.181;0.00018;0.000712;0.857;0.696;4.44e+04;1.14e+05;2.13e+03;0.777;19.4;0.261;6.51;1.22e+03;44;10.7;3.81;41.5;0;20.9;0;0;0;171;29.1;0.176;0.382;0.459;0.762;2.61;10.8;0.759;0.159;0.000174;0.000721; 44480;86;228;0.182;0.13;50;0.15;0.394;0.38;0.761;2.33;8.61;0.73;0.191;0.000182;0.000674; 48640;115;133;0.255;0.26;51;0.0512;0.39;0.132;0.76;0.878;3.37;0.74;0.183;0.000201;0.000772; 48240;64;149;0.159;0.124;54;0.144;0.391;0.37;0.761;2.2;8.84;0.752;0.195;0.000179;0.000718; 43920;70;101;0.261;0.183;50;151;77.7;145;  0%;  0%;  0%;72.7;106;136;  0%;  0%;  0%;103;62.4;67.3;  0%;  0%;  0%;61.9;109;132;  0%;  0%;  0%;60.3;6.42;2.42;30.8;0;11.1;0;0;0;49.9;12.4;0.764;36.9;0;9.22;0;0;0;17.3;13.8;8.87;60;0;44.9;0;0;0;48.6;10.1;3.19;38.2;0;18.6;0;0;0;46.5;43.5;36.8;43.7;7.4 ;7.54 ;7.28 ;6.93 ;
2017-09-05;14:11:02.780;0.206;0.386;0.533;0.762;10.9;39;0.72;0.172;0.000158;0.000564;0.907;0.442;6.92e+04;1.79e+05;2.1e+03;0.772;19.3;0.412;10.3;1.4e+03;70;13.1;7.3;9.65;0;3.79;0;0;0;197;27.9;0.226;0.381;0.592;0.762;2.98;10.6;0.719;0.166;0.000157;0.000559; 47040;57;110;0.227;0.105;50;0.243;0.379;0.641;0.762;3.19;10.5;0.695;0.176;0.000156;0.000512; 45520;35;143;0.211;0.119;51;0.153;0.412;0.37;0.761;2.13;8.94;0.761;0.176;0.000166;0.000696; 43280;23;116;0.206;0.0893;53;0.202;0.382;0.529;0.762;2.62;9.05;0.711;0.168;0.000154;0.000533; 40400;62;109;0.262;0.129;50;134;94.8;132;  0%;  0%;  0%;111;123;139;  0%;  0%;  0%;119;93.9;99.5;  0%;  0%;  0%;97.9;131;128;  0%;  0%;  0%;77.7;7.86;11.4;2.98;0;3.91;0;0;0;84.1;6.66;4.85;4.41;0;2.83;0;0;0;48.6;28.8;1.48;21;0;3.77;0;0;0;69.5;8.91;11.5;10.1;0;4.66;0;0;0;50.9;50.4;46.8;48.8;7.21 ;7.02 ;7.1 ;6.54 ;
2017-09-05;14:11:03.793;0.16;0.392;0.407;0.761;8.66;34;0.745;0.172;0.000159;0.000625;0.734;0.361;5.44e+04;1.39e+05;2.13e+03;0.785;19.6;0.32;7.99;1.11e+03;53.5;10.9;7.37;28.2;0;10.8;0;0;0;183;28.4;0.191;0.39;0.489;0.762;2.63;11;0.76;0.157;0.000162;0.000675; 41360;76;87;0.191;0.0934;49;0.205;0.385;0.532;0.762;2.64;9.48;0.721;0.182;0.000152;0.000544; 46640;35;123;0.174;0.0969;51;0.132;0.407;0.325;0.761;1.73;7.67;0.774;0.18;0.000154;0.000682; 43040;49;57;0.175;0.0836;53;0.112;0.395;0.283;0.762;1.66;5.89;0.718;0.174;0.000174;0.000618; 39680;20;66;0.194;0.0875;50;136;84.7;94.8;  0%;  0%;  0%;87.9;83.3;134;  0%;  0%;  0%;88.7;84.9;68.2;  0%;  0%;  0%;70;85.7;89.3;  0%;  0%;  0%;64.2;10.8;13.2;11.8;0;8.73;0;0;0;69.8;7.75;4.24;18.2;0;8.1;0;0;0;42.7;15;2.16;40.2;0;14.3;0;0;0;37.2;10.1;9.94;42.7;0;11.9;0;0;0;49;47.9;44.2;41.6;7.33 ;7.21 ;7.28 ;6.57 ;
2017-09-05;14:11:04.805;0.203;0.39;0.522;0.762;11.1;42.2;0.738;0.168;0.00016;0.000609;0.922;0.444;6.92e+04;1.78e+05;2.13e+03;0.78;19.5;0.407;10.2;1.4e+03;68.5;15;3.95;12.5;0;3.62;0;0;0;199;28.6;0.242;0.381;0.635;0.762;3.33;12.5;0.734;0.16;0.000162;0.000608; 41360;75;142;0.243;0.119;50;0.214;0.387;0.553;0.762;2.81;10.5;0.734;0.168;0.000154;0.000579; 44640;29;128;0.203;0.0988;51;0.21;0.389;0.539;0.762;2.88;9.69;0.703;0.187;0.000161;0.000542; 44880;19;125;0.235;0.118;52;0.148;0.412;0.359;0.762;2.05;9.41;0.782;0.157;0.000163;0.000748; 42480;40;77;0.241;0.109;50;134;141;119;  0%;  0%;  0%;117;88.6;138;  0%;  0%;  0%;120;137;103;  0%;  0%;  0%;105;86.9;115;  0%;  0%;  0%;83.4;7.52;5.82;3.28;0;1.63;0;0;0;72.6;11.9;4.63;10.8;0;6.12;0;0;0;70.8;13.5;4.72;10.9;0;6.73;0;0;0;47.1;27.2;0.626;25.1;0;0;0;0;0;52.6;49.2;50.9;46.2;7.45 ;7.18 ;7.28 ;6.64 ;
2017-09-05;14:11:05.818;0.209;0.386;0.542;0.762;11.3;42.2;0.733;0.158;0.000158;0.000593;0.932;0.46;7.12e+04;1.85e+05;2.13e+03;0.772;19.3;0.418;10.5;1.41e+03;71.2;11;6.83;10.9;0;4.07;0;0;0;200;28.5;0.124;0.421;0.294;0.762;1.94;9.03;0.786;0.157;0.000184;0.000859; 39760;32;62;0.196;0.0702;49;0.237;0.381;0.622;0.762;3.2;11.2;0.715;0.157;0.000159;0.000556; 44480;43;139;0.213;0.11;51;0.252;0.38;0.663;0.762;3.2;11.7;0.726;0.16;0.00015;0.000547; 45040;50;150;0.251;0.135;52;0.225;0.381;0.591;0.762;2.92;10.3;0.716;0.158;0.000153;0.000539; 42640;59;127;0.273;0.146;49;89.8;97.5;96.7;  0%;  0%;  0%;142;138;91.1;  0%;  0%;  0%;148;92.6;141;  0%;  0%;  0%;146;133;92.6;  0%;  0%;  0%;38.6;20.3;16.5;24.7;0;7.06;0;0;0;81.7;8.22;2.58;7.51;0;2.95;0;0;0;87;7.5;2;3.51;0;0.063;0;0;0;77.5;8.17;6.29;8;0;6.2;0;0;0;44.7;50.6;53.6;51;7.19 ;7.21 ;7.38 ;6.68 ;
2017-09-05;14:11:06.830;0.255;0.374;0.683;0.762;10;22.7;0.56;0.246;0.000115;0.000261;0.842;0.399;8.69e+04;2.32e+05;2.13e+03;0.748;18.7;0.511;12.8;1.28e+03;89.7;7.2;1.44;1.7;0;0.0826;0;0;0;213;27.6;0.239;0.384;0.624;0.762;3;7.77;0.614;0.231;0.000147;0.000382; 40640;67;221;0.18;0.0739;49;0.26;0.371;0.7;0.762;2.34;5;0.532;0.251;0.000106;0.000226; 43600;8;96;0.177;0.0809;51;0.261;0.371;0.704;0.762;2.24;4.79;0.533;0.259;0.000101;0.000216; 43840;27;159;0.226;0.113;52;0.261;0.371;0.704;0.762;2.43;5.15;0.528;0.25;0.000109;0.000232; 42240;8;253;0.259;0.131;49;125;117;139;  0%;  0%;  0%;77.7;92.7;116;  0%;  0%;  0%;77.1;106;104;  0%;  0%;  0%;108;91.8;125;  0%;  0%;  0%;81.9;13.2;1.19;3.7;0;0;0;0;0;91.9;5.43;1.53;1.16;0;0.172;0;0;0;92.4;5.01;1.59;0.979;0;0.156;0;0;0;92.4;5.18;1.46;0.976;0;0.0029;0;0;0;52.9;52.2;54.2;53.6;7.13 ;6.9 ;7.14 ;6.47 ;
2017-09-05;14:11:07.841;0.181;0.384;0.473;0.762;8.99;29.9;0.7;0.187;0.000146;0.000485;0.753;0.367;6.17e+04;1.61e+05;2.13e+03;0.768;19.2;0.363;9.07;1.14e+03;62.1;13;4.5;20.4;0;13.6;0;0;0;190;27.6;0.227;0.382;0.595;0.762;2.96;10.8;0.727;0.168;0.000153;0.000561; 42240;56;134;0.2;0.101;49;0.212;0.383;0.553;0.762;2.61;8.39;0.689;0.195;0.000145;0.000466; 45200;35;117;0.171;0.0883;50;0.0837;0.386;0.217;0.761;0.995;2.44;0.591;0.216;0.00014;0.000342; 41280;11;54;0.158;0.0579;52;0.203;0.386;0.526;0.762;2.42;8.24;0.706;0.195;0.00014;0.000477; 42400;39;121;0.223;0.121;50;136;66.3;137;  0%;  0%;  0%;54.4;111;139;  0%;  0%;  0%;55.7;67.1;64;  0%;  0%;  0%;64.8;112;132;  0%;  0%;  0%;78.1;7.99;4.08;9.88;0;3.82;0;0;0;72.6;8.52;6.54;12.4;0;10.3;0;0;0;28.5;24.7;4.37;42.4;0;33.2;0;0;0;69.1;10.9;3.01;17;0;6.97;0;0;0;51.2;48.7;40.8;49.2;7.18 ;7 ;6.9 ;6.54 ;
2017-09-05;14:11:08.853;0.212;0.386;0.55;0.762;11.3;42;0.73;0.174;0.000157;0.000583;0.948;0.466;7.2e+04;1.87e+05;2.12e+03;0.771;19.3;0.424;10.6;1.44e+03;72.2;25.6;0.637;1.59;0;0.0211;0;0;0;205;27.6;0.266;0.381;0.698;0.762;3.6;13.5;0.733;0.168;0.000159;0.000598; 41280;84;134;0.252;0.125;49;0.264;0.38;0.695;0.762;3.56;12.5;0.716;0.179;0.000159;0.000557; 43120;37;167;0.222;0.118;50;0.0537;0.482;0.111;0.762;0.676;3.51;0.808;0.174;0.000148;0.000771; 42400;1;14;0.191;0.0611;53;0.264;0.38;0.695;0.762;3.49;12.5;0.72;0.174;0.000156;0.000555; 42320;62;144;0.283;0.162;49;168;64.6;186;  0%;  0%;  0%;59.7;170;177;  0%;  0%;  0%;61.6;64.6;68.8;  0%;  0%;  0%;67.9;177;175;  0%;  0%;  0%;91.6;6.59;1.42;0.423;0;0.0288;0;0;0;91.2;6.71;0.466;1.64;0;0.0555;0;0;0;14.6;82.5;0.00174;2.93;0;0;0;0;0;91.3;6.7;0.661;1.37;0;0;0;0;0;54.3;52.6;43.8;53.9;7.16 ;6.89 ;7.17 ;6.42 ;
2017-09-05;14:11:09.865;0.242;0.38;0.637;0.762;11.4;30.7;0.629;0.204;0.000138;0.000372;0.949;0.46;8.24e+04;2.17e+05;2.12e+03;0.761;19;0.485;12.1;1.44e+03;83.6;12.9;2.37;1.13;0;0.162;0;0;0;211;28.2;0.254;0.376;0.676;0.762;2.98;8.09;0.632;0.197;0.000138;0.000374; 40560;65;134;0.236;0.105;49;0.252;0.375;0.673;0.762;2.92;7.29;0.599;0.209;0.000136;0.000339; 43200;39;143;0.201;0.0965;50;0.209;0.401;0.522;0.762;2.67;7.73;0.655;0.215;0.00015;0.000434; 44640;22;129;0.229;0.111;52;0.253;0.375;0.676;0.762;2.81;7.55;0.628;0.194;0.00013;0.00035; 41760;49;135;0.283;0.147;49;116;116;134;  0%;  0%;  0%;114;118;119;  0%;  0%;  0%;119;115;122;  0%;  0%;  0%;118;117;130;  0%;  0%;  0%;88.8;7.51;2.98;0.726;0;0.0795;0;0;0;88.3;7.37;2.5;1.8;0;0.21;0;0;0;68.5;29.7;0.831;0.874;0;0;0;0;0;88.8;6.88;3.19;1.13;0;0.359;0;0;0;53.6;52;52.4;53.3;7.27 ;7.05 ;7.32 ;6.61 ;
2017-09-05;14:11:10.879;0.285;0.381;0.75;0.762;290;336;0.136;0.46;0.00299;0.00346;25.9;11.1;9.71e+04;2.55e+05;2.12e+03;0.762;19;0.571;14.3;4.51e+04;98.4;1.07;0.318;0.227;0;0;0;0;0;250;61.5;0.289;0.387;0.749;0.762;73.7;85.5;0.137;0.456;0.003;0.00347; 39760;42;5300;4.58;1.72;49;0.287;0.383;0.751;0.762;61.3;73.1;0.162;0.488;0.00251;0.00299; 44640;1961;6901;5.54;1.95;50;0.282;0.376;0.75;0.762;82.6;93.7;0.118;0.434;0.00344;0.0039; 43600;1301;7044;6.27;2.61;52;0.283;0.378;0.749;0.762;72.5;83.5;0.133;0.465;0.00301;0.00347; 40960;338;2813;9.53;4.79;49;3.27e+03;3.98e+03;3.96e+03; 16%; 20%; 20%;3.51e+03;3.29e+03;3.3e+03; 18%; 16%; 16%;3.5e+03;3.95e+03;4.57e+03; 18%; 20%; 23%;4.54e+03;3.26e+03;3.93e+03; 23%; 16%; 20%;98.3;1.15;0.499;0.0919;0;0;0;0;0;98.5;0.961;0.288;0.245;0;0;0;0;0;98.4;1.05;0.264;0.253;0;0;0;0;0;98.3;1.13;0.22;0.318;0;0;0;0;0;62.1;60.5;63.1;64.2;13.5 ;15 ;15.6 ;17.2 ;
2017-09-05;14:11:11.892;0.291;0.382;0.762;0.762;339;389;0.129;0.462;0.00342;0.00393;30.2;12.9;9.92e+04;2.59e+05;2.13e+03;0.765;19.1;0.583;14.6;5.25e+04;100;0.0321;0;0;0;0;0;0;0;257;66.8;0.296;0.389;0.762;0.762;86.4;99.3;0.129;0.459;0.00343;0.00394; 39440;43;7438;5.33;2;48;0.293;0.385;0.762;0.762;71.7;84.8;0.154;0.491;0.00287;0.0034; 44000;2314;8069;6.44;2.27;49;0.288;0.378;0.762;0.762;96.6;109;0.112;0.436;0.00395;0.00444; 43840;1521;8155;7.29;3.04;51;0.288;0.378;0.762;0.762;84.5;96.6;0.125;0.468;0.00345;0.00394; 40800;387;3311;11.1;5.58;48;3.81e+03;4.64e+03;4.61e+03; 19%; 23%; 23%;4.09e+03;3.83e+03;3.85e+03; 21%; 19%; 19%;4.08e+03;4.6e+03;5.33e+03; 20%; 23%; 27%;5.29e+03;3.79e+03;4.57e+03; 27%; 19%; 23%;100;0.0439;0;0;0;0;0;0;0;100;0.0171;0;0;0;0;0;0;0;100;0.0326;0;0;0;0;0;0;0;100;0.035;0;0;0;0;0;0;0;63.7;62;64.9;66.3;14.9 ;16.1 ;16.8 ;19 ;
2017-09-05;14:11:12.904;0.291;0.383;0.762;0.762;342;393;0.129;0.462;0.00345;0.00396;30.4;13;9.92e+04;2.59e+05;2.13e+03;0.765;19.1;0.583;14.6;5.3e+04;100;0.0175;0;0;0;0;0;0;0;257;67.3;0.296;0.389;0.762;0.762;87.2;100;0.129;0.459;0.00346;0.00397; 39520;41;8102;5.38;2.02;48;0.293;0.385;0.762;0.762;72.3;85.5;0.154;0.491;0.0029;0.00343; 43760;2334;8212;6.51;2.29;50;0.288;0.378;0.762;0.762;97.5;110;0.112;0.436;0.00398;0.00449; 43120;1540;6786;7.36;3.07;51;0.288;0.379;0.762;0.762;85.3;97.5;0.125;0.468;0.00348;0.00397; 41200;390;3342;11.2;5.63;48;3.84e+03;4.68e+03;4.65e+03; 19%; 24%; 23%;4.13e+03;3.88e+03;3.89e+03; 21%; 19%; 20%;4.12e+03;4.64e+03;5.38e+03; 21%; 23%; 27%;5.34e+03;3.83e+03;4.61e+03; 27%; 19%; 23%;100;0.0208;0;0;0;0;0;0;0;100;0.0123;0;0;0;0;0;0;0;100;0.0263;0;0;0;0;0;0;0;100;0.0106;0;0;0;0;0;0;0;63.8;62.1;65;66.5;14.9 ;16 ;17 ;19.5 ;
2017-09-05;14:11:13.916;0.291;0.382;0.762;0.762;340;390;0.129;0.462;0.00343;0.00393;30.2;12.9;9.91e+04;2.59e+05;2.13e+03;0.765;19.1;0.583;14.6;5.26e+04;100;0.0279;0;0;0;0;0;0;0;257;67;0.296;0.389;0.762;0.762;86.4;99.3;0.129;0.459;0.00343;0.00394; 39680;42;8047;5.33;2;48;0.293;0.385;0.762;0.762;71.8;84.9;0.154;0.49;0.00288;0.00341; 43920;2314;8140;6.45;2.27;49;0.288;0.378;0.762;0.762;96.7;109;0.112;0.436;0.00395;0.00445; 42480;1524;6465;7.3;3.04;51;0.288;0.379;0.762;0.762;84.6;96.7;0.125;0.468;0.00345;0.00394; 40960;386;2608;11.1;5.59;48;3.81e+03;4.64e+03;4.61e+03; 19%; 23%; 23%;4.1e+03;3.84e+03;3.86e+03; 21%; 19%; 19%;4.08e+03;4.6e+03;5.34e+03; 21%; 23%; 27%;5.29e+03;3.8e+03;4.58e+03; 27%; 19%; 23%;100;0.0163;0;0;0;0;0;0;0;100;0.0237;0;0;0;0;0;0;0;100;0.0378;0;0;0;0;0;0;0;100;0.0338;0;0;0;0;0;0;0;63.8;62;64.9;66.4;14.9 ;16.3 ;16.8 ;19 ;
2017-09-05;14:11:14.930;0.292;0.384;0.759;0.762;324;373;0.133;0.464;0.00326;0.00376;28.6;12;9.94e+04;2.58e+05;2.13e+03;0.769;19.2;0.584;14.6;5.01e+04;99.6;0.211;0.0652;0.0773;0;0.024;0;0;0;255;64.5;0.297;0.392;0.759;0.762;79;92.2;0.144;0.466;0.00312;0.00365; 39760;111;6642;5.07;1.84;47;0.293;0.386;0.759;0.762;68.1;80.9;0.159;0.494;0.00273;0.00325; 44240;2242;7806;6.11;2.12;49;0.288;0.38;0.759;0.762;94.7;106;0.107;0.435;0.00386;0.00433; 42560;1405;7052;6.94;2.78;51;0.289;0.381;0.759;0.762;81.7;93.8;0.129;0.467;0.00332;0.00382; 41520;375;2577;10.5;5.25;48;3.26e+03;4.65e+03;4.25e+03; 16%; 23%; 21%;3.88e+03;3.98e+03;3.32e+03; 19%; 20%; 17%;3.86e+03;4.62e+03;5.06e+03; 19%; 23%; 26%;5.01e+03;3.95e+03;4.2e+03; 25%; 20%; 21%;99.6;0.269;0.111;0.0413;0;0;0;0;0;99.7;0.184;0.0571;0.0787;0;0.0479;0;0;0;99.7;0.177;0.0615;0.0776;0;0.0481;0;0;0;99.6;0.215;0.0309;0.112;0;0;0;0;0;63.2;61.4;64.4;65.6;14.6 ;15.8 ;15.9 ;18.3 ;
2017-09-05;14:11:15.943;0.292;0.383;0.762;0.762;335;386;0.132;0.465;0.00337;0.00388;29.6;12.4;9.93e+04;2.59e+05;2.13e+03;0.766;19.1;0.584;14.6;5.19e+04;100;0.016;0;0;0;0;0;0;0;252;66.8;0.298;0.391;0.762;0.762;81.3;95;0.144;0.468;0.00321;0.00375; 39280;117;5456;5.26;1.9;48;0.293;0.384;0.762;0.762;70.5;83.7;0.158;0.495;0.00283;0.00336; 43600;2331;7118;6.31;2.19;49;0.288;0.378;0.762;0.762;98.4;110;0.105;0.436;0.00401;0.00449; 42320;1461;7407;7.18;2.87;51;0.288;0.379;0.762;0.762;84.7;97.1;0.127;0.467;0.00345;0.00396; 41360;390;2676;10.8;5.42;48;3.35e+03;4.85e+03;4.39e+03; 17%; 24%; 22%;4.02e+03;4.16e+03;3.4e+03; 20%; 21%; 17%;4e+03;4.82e+03;5.24e+03; 20%; 24%; 26%;5.19e+03;4.12e+03;4.34e+03; 26%; 21%; 22%;100;0.0171;0;0;0;0;0;0;0;100;0.0249;0;0;0;0;0;0;0;100;0.00624;0;0;0;0;0;0;0;100;0.016;0;0;0;0;0;0;0;62.6;60.5;63.7;64.8;14.5 ;16.2 ;16.6 ;19.4 ;
2017-09-05;14:11:16.955;0.293;0.385;0.762;0.762;338;389;0.132;0.465;0.00339;0.0039;29.8;12.5;9.97e+04;2.59e+05;2.13e+03;0.769;19.2;0.586;14.6;5.23e+04;100;0.019;0;0;0;0;0;0;0;254;66.5;0.299;0.392;0.762;0.762;82;95.7;0.143;0.468;0.00323;0.00376; 40000;126;5488;5.3;1.91;48;0.294;0.386;0.762;0.762;71.1;84.4;0.158;0.495;0.00284;0.00337; 43440;2345;6922;6.36;2.2;49;0.289;0.38;0.762;0.762;99.2;111;0.106;0.435;0.00403;0.00451; 42800;1472;8832;7.24;2.89;51;0.29;0.38;0.762;0.762;85.4;97.9;0.127;0.466;0.00347;0.00397; 41200;392;2691;10.9;5.47;48;3.37e+03;4.88e+03;4.42e+03; 17%; 25%; 22%;4.05e+03;4.19e+03;3.43e+03; 20%; 21%; 17%;4.03e+03;4.85e+03;5.28e+03; 20%; 24%; 27%;5.23e+03;4.15e+03;4.37e+03; 26%; 21%; 22%;100;0.0235;0;0;0;0;0;0;0;100;0.0151;0;0;0;0;0;0;0;100;0.0241;0;0;0;0;0;0;0;100;0.0134;0;0;0;0;0;0;0;63.1;61.4;64.3;65.5;14.8 ;15.8 ;16.8 ;19.1 ;
2017-09-05;14:11:17.967;0.294;0.386;0.762;0.762;341;393;0.131;0.464;0.00341;0.00393;30.1;12.6;9.99e+04;2.59e+05;2.13e+03;0.772;19.3;0.588;14.7;5.27e+04;100;0.0154;0;0;0;0;0;0;0;256;66.6;0.3;0.394;0.762;0.762;82.9;96.8;0.143;0.467;0.00325;0.00379; 39600;118;5541;5.36;1.93;48;0.295;0.387;0.762;0.762;71.8;85.2;0.158;0.494;0.00286;0.0034; 43440;2368;6979;6.42;2.22;49;0.29;0.381;0.762;0.762;100;112;0.106;0.435;0.00406;0.00454; 42960;1482;9310;7.3;2.92;51;0.291;0.381;0.762;0.762;86.3;98.8;0.127;0.466;0.00349;0.004; 41360;396;2710;11;5.51;48;3.4e+03;4.92e+03;4.46e+03; 17%; 25%; 22%;4.09e+03;4.23e+03;3.46e+03; 21%; 21%; 17%;4.07e+03;4.9e+03;5.32e+03; 20%; 25%; 27%;5.28e+03;4.19e+03;4.41e+03; 27%; 21%; 22%;100;0.0122;0;0;0;0;0;0;0;100;0.019;0;0;0;0;0;0;0;100;0.013;0;0;0;0;0;0;0;100;0.0173;0;0;0;0;0;0;0;63.7;61.6;64.8;66.1;14.8 ;16 ;16.8 ;19 ;
2017-09-05;14:11:18.979;0.292;0.383;0.762;0.762;335;386;0.132;0.465;0.00337;0.00388;29.6;12.4;9.93e+04;2.59e+05;2.13e+03;0.767;19.2;0.584;14.6;5.18e+04;100;0.016;0;0;0;0;0;0;0;252;64.9;0.298;0.391;0.762;0.762;81.3;94.9;0.143;0.468;0.00321;0.00375; 39840;116;5450;5.26;1.9;47;0.293;0.385;0.762;0.762;70.4;83.6;0.158;0.495;0.00283;0.00336; 43600;2328;6883;6.3;2.18;49;0.288;0.379;0.762;0.762;98.3;110;0.106;0.436;0.00401;0.00448; 42960;1423;9117;7.17;2.86;51;0.289;0.379;0.762;0.762;84.7;97;0.127;0.467;0.00345;0.00395; 41520;389;3706;10.8;5.42;48;3.35e+03;4.84e+03;4.39e+03; 17%; 24%; 22%;4.02e+03;4.16e+03;3.4e+03; 20%; 21%; 17%;3.99e+03;4.81e+03;5.23e+03; 20%; 24%; 26%;5.19e+03;4.12e+03;4.33e+03; 26%; 21%; 22%;100;0.0173;0;0;0;0;0;0;0;100;0.0106;0;0;0;0;0;0;0;100;0.00639;0;0;0;0;0;0;0;100;0.0296;0;0;0;0;0;0;0;62.6;60.6;63.9;65;14.9 ;15.7 ;15.9 ;18.4 ;
2017-09-05;14:11:19.992;0.293;0.384;0.762;0.762;337;388;0.132;0.465;0.00339;0.0039;29.8;12.5;9.95e+04;2.59e+05;2.13e+03;0.768;19.2;0.585;14.6;5.22e+04;100;0.0177;0;0;0;0;0;0;0;253;67.2;0.298;0.392;0.762;0.762;81.9;95.6;0.143;0.468;0.00323;0.00377; 39840;130;5479;5.3;1.91;47;0.294;0.385;0.762;0.762;71;84.3;0.158;0.495;0.00284;0.00338; 44400;2344;6945;6.36;2.2;49;0.289;0.379;0.762;0.762;99;111;0.106;0.436;0.00403;0.00451; 42880;1418;9185;7.23;2.89;50;0.289;0.38;0.762;0.762;85.4;97.8;0.127;0.467;0.00347;0.00398; 41040;393;4419;10.9;5.46;48;3.37e+03;4.87e+03;4.42e+03; 17%; 25%; 22%;4.05e+03;4.19e+03;3.43e+03; 20%; 21%; 17%;4.03e+03;4.85e+03;5.27e+03; 20%; 24%; 27%;5.22e+03;4.15e+03;4.37e+03; 26%; 21%; 22%;100;0.0287;0;0;0;0;0;0;0;100;0.0143;0;0;0;0;0;0;0;100;0.0131;0;0;0;0;0;0;0;100;0.0147;0;0;0;0;0;0;0;62.9;60.8;64.1;65.4;14.7 ;16.2 ;17.2 ;19.2 ;
2017-09-05;14:11:21.004;0.293;0.385;0.762;0.762;334;385;0.132;0.465;0.00335;0.00386;29.5;12.3;9.96e+04;2.59e+05;2.13e+03;0.769;19.2;0.586;14.6;5.17e+04;100;0.0323;0;0;0;0;0;0;0;255;66.5;0.299;0.392;0.762;0.762;81.2;94.7;0.143;0.467;0.00319;0.00373; 39120;121;5899;5.25;1.9;48;0.294;0.386;0.762;0.762;70.4;83.5;0.158;0.495;0.00281;0.00334; 43520;2322;3159;6.29;2.17;49;0.289;0.38;0.762;0.762;98.1;110;0.106;0.435;0.00399;0.00446; 42480;1405;9085;7.16;2.86;50;0.29;0.38;0.762;0.762;84.6;96.9;0.127;0.467;0.00343;0.00393; 40640;388;4368;10.8;5.4;48;3.34e+03;4.83e+03;4.38e+03; 17%; 24%; 22%;4.01e+03;4.15e+03;3.39e+03; 20%; 21%; 17%;3.98e+03;4.8e+03;5.22e+03; 20%; 24%; 26%;5.17e+03;4.11e+03;4.33e+03; 26%; 21%; 22%;100;0.0408;0;0;0;0;0;0;0;100;0.0479;0;0;0;0;0;0;0;100;0.0234;0;0;0;0;0;0;0;100;0.017;0;0;0;0;0;0;0;63.3;61.5;64.4;65.8;14.8 ;16.1 ;16.4 ;19.3 ;
2017-09-05;14:11:22.016;0.293;0.384;0.762;0.762;339;390;0.132;0.465;0.0034;0.00392;29.9;12.5;9.96e+04;2.59e+05;2.13e+03;0.769;19.2;0.586;14.6;5.24e+04;100;0.0157;0;0;0;0;0;0;0;254;64.6;0.299;0.392;0.762;0.762;82.3;96.1;0.143;0.468;0.00324;0.00378; 38880;127;6293;5.32;1.92;47;0.294;0.386;0.762;0.762;71.3;84.7;0.158;0.494;0.00285;0.00339; 43680;2352;2405;6.38;2.21;48;0.289;0.379;0.762;0.762;99.6;111;0.105;0.435;0.00405;0.00453; 42480;1461;9221;7.25;2.89;50;0.289;0.38;0.762;0.762;85.7;98.2;0.127;0.467;0.00348;0.00399; 40800;393;4444;10.9;5.48;47;3.38e+03;4.89e+03;4.44e+03; 17%; 25%; 22%;4.07e+03;4.2e+03;3.44e+03; 20%; 21%; 17%;4.04e+03;4.87e+03;5.29e+03; 20%; 25%; 27%;5.25e+03;4.16e+03;4.38e+03; 27%; 21%; 22%;100;0.013;0;0;0;0;0;0;0;100;0.0193;0;0;0;0;0;0;0;100;0.0191;0;0;0;0;0;0;0;100;0.0114;0;0;0;0;0;0;0;63.2;61.1;64.3;65.6;14.6 ;15.4 ;16.3 ;18.3 ;
2017-09-05;14:11:23.028;0.292;0.383;0.762;0.762;333;383;0.132;0.465;0.00335;0.00386;29.4;12.3;9.93e+04;2.59e+05;2.13e+03;0.766;19.2;0.584;14.6;5.16e+04;100;0.0233;0;0;0;0;0;0;0;252;68.9;0.298;0.391;0.762;0.762;80.9;94.4;0.143;0.468;0.00319;0.00373; 39200;1124;7198;5.24;1.89;47;0.293;0.385;0.762;0.762;70;83.2;0.158;0.495;0.00281;0.00334; 43120;2314;2357;6.27;2.17;48;0.288;0.378;0.762;0.762;97.8;109;0.105;0.435;0.00399;0.00446; 42560;1458;9060;7.13;2.85;50;0.288;0.379;0.762;0.762;84.2;96.4;0.127;0.467;0.00343;0.00393; 41040;387;4363;10.8;5.39;47;3.33e+03;4.81e+03;4.37e+03; 17%; 24%; 22%;4e+03;4.13e+03;3.38e+03; 20%; 21%; 17%;3.97e+03;4.79e+03;5.2e+03; 20%; 24%; 26%;5.16e+03;4.09e+03;4.31e+03; 26%; 21%; 22%;100;0.029;0;0;0;0;0;0;0;100;0.0286;0;0;0;0;0;0;0;100;0.0174;0;0;0;0;0;0;0;100;0.0183;0;0;0;0;0;0;0;62.7;60.8;63.9;65;14.8 ;16.6 ;17.5 ;20 ;
2017-09-05;14:11:24.043;0.292;0.384;0.761;0.762;332;382;0.132;0.464;0.00333;0.00384;29.3;12.2;9.95e+04;2.59e+05;2.13e+03;0.768;19.2;0.584;14.6;5.13e+04;99.8;0.0707;0.00813;0.0742;0;0.0243;0;0;0;254;65.6;0.298;0.392;0.761;0.762;80.6;94.1;0.144;0.467;0.00318;0.00371; 38480;1659;7692;5.21;1.88;48;0.293;0.385;0.761;0.762;69.7;82.8;0.158;0.494;0.00279;0.00332; 42880;2303;2348;6.24;2.16;49;0.288;0.379;0.761;0.762;97.5;109;0.106;0.435;0.00397;0.00444; 42320;1438;6642;7.11;2.84;50;0.289;0.38;0.761;0.762;83.9;96.2;0.128;0.466;0.00341;0.00391; 41120;385;2756;10.7;5.37;47;3.31e+03;4.79e+03;4.35e+03; 17%; 24%; 22%;3.98e+03;4.11e+03;3.37e+03; 20%; 21%; 17%;3.96e+03;4.77e+03;5.18e+03; 20%; 24%; 26%;5.14e+03;4.07e+03;4.29e+03; 26%; 20%; 22%;99.9;0.0649;0.0239;0.0569;0;0;0;0;0;99.8;0.0691;0.00431;0.0799;0;0.0492;0;0;0;99.8;0.0732;0;0.0836;0;0.0481;0;0;0;99.8;0.0756;0.00427;0.0763;0;0;0;0;0;63.2;61.3;64.3;65.6;14.5 ;15.8 ;16.5 ;18.8 ;
2017-09-05;14:11:25.055;0.291;0.382;0.762;0.762;336;387;0.132;0.465;0.00339;0.0039;29.6;12.4;9.91e+04;2.59e+05;2.13e+03;0.764;19.1;0.582;14.6;5.2e+04;100;0.0131;0;0;0;0;0;0;0;251;67.4;0.297;0.39;0.762;0.762;81.5;95.2;0.144;0.468;0.00322;0.00376; 39360;1598;7807;5.25;1.9;47;0.292;0.384;0.762;0.762;70.5;83.8;0.159;0.495;0.00283;0.00337; 43200;2335;2370;6.32;2.19;48;0.287;0.377;0.762;0.762;98.5;110;0.106;0.436;0.00403;0.00451; 42480;1468;6078;7.19;2.88;50;0.288;0.378;0.762;0.762;85.1;97.5;0.127;0.466;0.00348;0.00399; 41040;390;2297;10.9;5.46;47;3.35e+03;4.85e+03;4.39e+03; 17%; 24%; 22%;4.03e+03;4.17e+03;3.4e+03; 20%; 21%; 17%;4e+03;4.82e+03;5.27e+03; 20%; 24%; 27%;5.2e+03;4.13e+03;4.34e+03; 26%; 21%; 22%;100;0.0127;0;0;0;0;0;0;0;100;0.012;0;0;0;0;0;0;0;100;0.00901;0;0;0;0;0;0;0;100;0.0187;0;0;0;0;0;0;0;62.3;60.2;63.7;64.8;15 ;16 ;17.2 ;19.2 ;
2017-09-05;14:11:26.068;0.291;0.382;0.762;0.762;336;388;0.132;0.465;0.0034;0.00392;29.7;12.5;9.9e+04;2.59e+05;2.13e+03;0.764;19.1;0.582;14.6;5.21e+04;100;0.0123;0;0;0;0;0;0;0;251;65.9;0.297;0.39;0.762;0.762;81.6;95.4;0.144;0.468;0.00323;0.00377; 39520;1603;7824;5.28;1.9;47;0.292;0.384;0.762;0.762;70.7;84;0.159;0.495;0.00284;0.00338; 43120;2341;2379;6.34;2.19;48;0.287;0.377;0.762;0.762;98.7;110;0.106;0.436;0.00404;0.00452; 42640;1431;6075;7.21;2.88;50;0.287;0.377;0.762;0.762;85.4;97.8;0.127;0.466;0.00349;0.004; 41040;392;2312;10.9;5.48;48;3.36e+03;4.87e+03;4.41e+03; 17%; 25%; 22%;4.04e+03;4.19e+03;3.41e+03; 20%; 21%; 17%;4.01e+03;4.84e+03;5.29e+03; 20%; 24%; 27%;5.22e+03;4.14e+03;4.36e+03; 26%; 21%; 22%;100;0.0127;0;0;0;0;0;0;0;100;0.0127;0;0;0;0;0;0;0;100;0.00449;0;0;0;0;0;0;0;100;0.0192;0;0;0;0;0;0;0;62.4;60.4;63.7;64.7;14.5 ;15.9 ;15.8 ;19.7 ;
2017-09-05;14:11:27.080;0.291;0.382;0.762;0.762;335;386;0.132;0.465;0.00339;0.0039;29.6;12.4;9.9e+04;2.59e+05;2.13e+03;0.764;19.1;0.582;14.6;5.19e+04;100;0.0114;0;0;0;0;0;0;0;251;65.8;0.297;0.39;0.762;0.762;81.3;95;0.144;0.468;0.00322;0.00376; 39280;1600;7801;5.26;1.89;47;0.292;0.384;0.762;0.762;70.5;83.8;0.159;0.495;0.00284;0.00337; 43200;2333;2368;6.31;2.19;48;0.288;0.377;0.762;0.762;98.4;110;0.106;0.436;0.00403;0.0045; 42240;1430;6066;7.19;2.87;50;0.288;0.377;0.762;0.762;85.1;97.5;0.127;0.466;0.00348;0.00399; 40320;389;2297;10.9;5.46;47;3.35e+03;4.85e+03;4.39e+03; 17%; 24%; 22%;4.03e+03;4.17e+03;3.4e+03; 20%; 21%; 17%;4e+03;4.83e+03;5.27e+03; 20%; 24%; 27%;5.2e+03;4.13e+03;4.34e+03; 26%; 21%; 22%;100;0.0125;0;0;0;0;0;0;0;100;0.0196;0;0;0;0;0;0;0;100;0.00012;0;0;0;0;0;0;0;100;0.0136;0;0;0;0;0;0;0;62.4;60.6;63.6;64.9;14.5 ;16.3 ;16 ;19 ;
2017-09-05;14:11:28.093;0.291;0.382;0.762;0.762;337;389;0.132;0.465;0.00341;0.00392;29.8;12.5;9.9e+04;2.59e+05;2.13e+03;0.764;19.1;0.582;14.6;5.23e+04;100;0.00757;0;0;0;0;0;0;0;252;65.5;0.297;0.39;0.762;0.762;81.8;95.6;0.144;0.468;0.00324;0.00378; 38800;1606;7835;5.3;1.91;47;0.292;0.384;0.762;0.762;70.9;84.3;0.159;0.495;0.00285;0.00339; 43200;2344;2382;6.35;2.2;48;0.287;0.377;0.762;0.762;98.9;111;0.106;0.436;0.00405;0.00453; 42240;1431;6164;7.22;2.89;50;0.288;0.377;0.762;0.762;85.6;98.1;0.127;0.466;0.0035;0.00401; 40800;392;2314;10.9;5.49;47;3.37e+03;4.88e+03;4.42e+03; 17%; 25%; 22%;4.05e+03;4.2e+03;3.42e+03; 20%; 21%; 17%;4.02e+03;4.85e+03;5.3e+03; 20%; 24%; 27%;5.23e+03;4.15e+03;4.37e+03; 26%; 21%; 22%;100;0.00896;0;0;0;0;0;0;0;100;0.00886;0;0;0;0;0;0;0;100;0.00419;0;0;0;0;0;0;0;100;0.00828;0;0;0;0;0;0;0;62.5;60.6;63.7;64.8;14.5 ;15.5 ;16.4 ;19.1 ;
2017-09-05;14:11:29.105;0.291;0.382;0.762;0.762;335;387;0.132;0.465;0.00339;0.0039;29.6;12.4;9.91e+04;2.59e+05;2.13e+03;0.765;19.1;0.582;14.6;5.19e+04;100;0.0114;0;0;0;0;0;0;0;251;68.8;0.297;0.39;0.762;0.762;81.3;95;0.144;0.468;0.00321;0.00376; 39040;1600;7800;5.26;1.89;47;0.292;0.384;0.762;0.762;70.5;83.8;0.159;0.495;0.00283;0.00337; 43040;2333;2368;6.31;2.19;48;0.287;0.377;0.762;0.762;98.5;110;0.106;0.436;0.00403;0.00451; 42320;1455;6080;7.19;2.87;50;0.288;0.378;0.762;0.762;85.2;97.6;0.127;0.466;0.00348;0.00399; 40800;390;2256;10.9;5.46;47;3.34e+03;4.85e+03;4.39e+03; 17%; 24%; 22%;4.03e+03;4.17e+03;3.39e+03; 20%; 21%; 17%;4e+03;4.83e+03;5.27e+03; 20%; 24%; 27%;5.21e+03;4.12e+03;4.34e+03; 26%; 21%; 22%;100;0.0158;0;0;0;0;0;0;0;100;0.0127;0;0;0;0;0;0;0;100;0.00427;0;0;0;0;0;0;0;100;0.0128;0;0;0;0;0;0;0;62.4;60.4;63.6;64.7;14.9 ;16.7 ;17.3 ;19.9 ;
2017-09-05;14:11:30.117;0.291;0.382;0.762;0.762;336;388;0.132;0.465;0.0034;0.00391;29.7;12.4;9.91e+04;2.59e+05;2.13e+03;0.765;19.1;0.583;14.6;5.21e+04;100;0.0148;0;0;0;0;0;0;0;251;65.4;0.298;0.391;0.762;0.762;81.5;95.3;0.144;0.468;0.00322;0.00377; 38160;1601;7817;5.28;1.9;47;0.292;0.384;0.762;0.762;70.7;84;0.159;0.495;0.00284;0.00338; 43440;2339;2378;6.33;2.19;48;0.287;0.377;0.762;0.762;98.8;111;0.106;0.436;0.00404;0.00452; 42640;1467;6028;7.21;2.88;50;0.288;0.378;0.762;0.762;85.4;97.8;0.127;0.466;0.00349;0.004; 41120;391;2292;10.9;5.47;47;3.35e+03;4.86e+03;4.4e+03; 17%; 25%; 22%;4.04e+03;4.18e+03;3.41e+03; 20%; 21%; 17%;4.01e+03;4.84e+03;5.28e+03; 20%; 24%; 27%;5.22e+03;4.13e+03;4.35e+03; 26%; 21%; 22%;100;0.0152;0;0;0;0;0;0;0;100;0.0149;0;0;0;0;0;0;0;100;0.00676;0;0;0;0;0;0;0;100;0.0224;0;0;0;0;0;0;0;62.5;60.5;63.6;64.8;14.9 ;15.7 ;16.4 ;18.3 ;